cited_doi,pub_year,cited_year,n,nobel_author,nobel_year,time_after_publish
10.1103/PhysRev.103.1820,1956,1957,2,MasatoshiKoshiba,2002,-45
10.1103/PhysRev.103.1820,1956,1959,1,MasatoshiKoshiba,2002,-43
10.1103/PhysRev.105.1681.2,1957,1957,38,JeromeIFriedman,1990,-33
10.1103/PhysRev.105.1681.2,1957,1958,5,JeromeIFriedman,1990,-32
10.1103/PhysRev.105.1681.2,1957,1959,4,JeromeIFriedman,1990,-31
10.1103/PhysRev.105.1681.2,1957,1960,3,JeromeIFriedman,1990,-30
10.1103/PhysRev.105.1681.2,1957,1965,1,JeromeIFriedman,1990,-25
10.1103/PhysRev.105.1681.2,1957,1966,1,JeromeIFriedman,1990,-24
10.1103/PhysRev.105.1681.2,1957,1968,1,JeromeIFriedman,1990,-22
10.1103/PhysRev.105.1681.2,1957,1970,1,JeromeIFriedman,1990,-20
10.1103/PhysRev.105.1681.2,1957,1973,1,JeromeIFriedman,1990,-17
10.1103/PhysRev.105.1681.2,1957,1977,1,JeromeIFriedman,1990,-13
10.1103/PhysRev.105.1681.2,1957,1980,2,JeromeIFriedman,1990,-10
10.1103/PhysRev.105.1681.2,1957,1981,1,JeromeIFriedman,1990,-9
10.1103/PhysRev.105.1681.2,1957,1988,1,JeromeIFriedman,1990,-2
10.1103/PhysRev.105.1681.2,1957,1994,1,JeromeIFriedman,1990,4
10.1103/PhysRev.105.1681.2,1957,1999,1,JeromeIFriedman,1990,9
10.1103/PhysRev.105.1681.2,1957,2005,1,JeromeIFriedman,1990,15
10.1103/PhysRev.105.1681.2,1957,2009,1,JeromeIFriedman,1990,19
10.1103/PhysRev.105.1681.2,1957,2014,1,JeromeIFriedman,1990,24
10.1103/PhysRev.105.1681.2,1957,2018,1,JeromeIFriedman,1990,28
10.1103/PhysRev.107.906,1957,1957,3,MartinLPerl,1995,-38
10.1103/PhysRev.107.906,1957,1958,5,MartinLPerl,1995,-37
10.1103/PhysRev.107.906,1957,1959,4,MartinLPerl,1995,-36
10.1103/PhysRev.107.906,1957,1960,2,MartinLPerl,1995,-35
10.1103/PhysRev.107.906,1957,1961,1,MartinLPerl,1995,-34
10.1103/PhysRev.107.906,1957,1962,1,MartinLPerl,1995,-33
10.1103/PhysRev.107.906,1957,1965,2,MartinLPerl,1995,-30
10.1103/PhysRev.107.906,1957,1967,1,MartinLPerl,1995,-28
10.1103/PhysRev.107.906,1957,1969,1,MartinLPerl,1995,-26
10.1103/PhysRev.107.906,1957,1985,1,MartinLPerl,1995,-10
10.1103/PhysRev.115.1561,1959,1960,4,GeorgeESmith,2009,-49
10.1103/PhysRev.115.1561,1959,1961,2,GeorgeESmith,2009,-48
10.1103/PhysRev.115.1561,1959,1962,8,GeorgeESmith,2009,-47
10.1103/PhysRev.115.1561,1959,1963,4,GeorgeESmith,2009,-46
10.1103/PhysRev.115.1561,1959,1964,1,GeorgeESmith,2009,-45
10.1103/PhysRev.115.1561,1959,1968,3,GeorgeESmith,2009,-41
10.1103/PhysRev.115.1561,1959,1969,1,GeorgeESmith,2009,-40
10.1103/PhysRev.115.1561,1959,1972,1,GeorgeESmith,2009,-37
10.1103/PhysRev.115.1561,1959,1973,1,GeorgeESmith,2009,-36
10.1103/PhysRev.115.1561,1959,1999,1,GeorgeESmith,2009,-10
10.1103/PhysRev.117.648,1960,1960,1,YoichiroNambu,2008,-48
10.1103/PhysRev.117.648,1960,1961,9,YoichiroNambu,2008,-47
10.1103/PhysRev.117.648,1960,1962,8,YoichiroNambu,2008,-46
10.1103/PhysRev.117.648,1960,1963,8,YoichiroNambu,2008,-45
10.1103/PhysRev.117.648,1960,1964,7,YoichiroNambu,2008,-44
10.1103/PhysRev.117.648,1960,1965,10,YoichiroNambu,2008,-43
10.1103/PhysRev.117.648,1960,1966,7,YoichiroNambu,2008,-42
10.1103/PhysRev.117.648,1960,1967,8,YoichiroNambu,2008,-41
10.1103/PhysRev.117.648,1960,1968,7,YoichiroNambu,2008,-40
10.1103/PhysRev.117.648,1960,1969,4,YoichiroNambu,2008,-39
10.1103/PhysRev.117.648,1960,1970,4,YoichiroNambu,2008,-38
10.1103/PhysRev.117.648,1960,1971,5,YoichiroNambu,2008,-37
10.1103/PhysRev.117.648,1960,1972,4,YoichiroNambu,2008,-36
10.1103/PhysRev.117.648,1960,1973,4,YoichiroNambu,2008,-35
10.1103/PhysRev.117.648,1960,1974,2,YoichiroNambu,2008,-34
10.1103/PhysRev.117.648,1960,1977,1,YoichiroNambu,2008,-31
10.1103/PhysRev.117.648,1960,1978,3,YoichiroNambu,2008,-30
10.1103/PhysRev.117.648,1960,1980,1,YoichiroNambu,2008,-28
10.1103/PhysRev.117.648,1960,1981,1,YoichiroNambu,2008,-27
10.1103/PhysRev.117.648,1960,1982,3,YoichiroNambu,2008,-26
10.1103/PhysRev.117.648,1960,1983,1,YoichiroNambu,2008,-25
10.1103/PhysRev.117.648,1960,1984,5,YoichiroNambu,2008,-24
10.1103/PhysRev.117.648,1960,1985,1,YoichiroNambu,2008,-23
10.1103/PhysRev.117.648,1960,1986,6,YoichiroNambu,2008,-22
10.1103/PhysRev.117.648,1960,1987,3,YoichiroNambu,2008,-21
10.1103/PhysRev.117.648,1960,1988,3,YoichiroNambu,2008,-20
10.1103/PhysRev.117.648,1960,1989,2,YoichiroNambu,2008,-19
10.1103/PhysRev.117.648,1960,1990,7,YoichiroNambu,2008,-18
10.1103/PhysRev.117.648,1960,1991,4,YoichiroNambu,2008,-17
10.1103/PhysRev.117.648,1960,1992,4,YoichiroNambu,2008,-16
10.1103/PhysRev.117.648,1960,1993,3,YoichiroNambu,2008,-15
10.1103/PhysRev.117.648,1960,1994,7,YoichiroNambu,2008,-14
10.1103/PhysRev.117.648,1960,1995,11,YoichiroNambu,2008,-13
10.1103/PhysRev.117.648,1960,1996,7,YoichiroNambu,2008,-12
10.1103/PhysRev.117.648,1960,1997,3,YoichiroNambu,2008,-11
10.1103/PhysRev.117.648,1960,1998,7,YoichiroNambu,2008,-10
10.1103/PhysRev.117.648,1960,1999,5,YoichiroNambu,2008,-9
10.1103/PhysRev.117.648,1960,2000,5,YoichiroNambu,2008,-8
10.1103/PhysRev.117.648,1960,2001,12,YoichiroNambu,2008,-7
10.1103/PhysRev.117.648,1960,2002,10,YoichiroNambu,2008,-6
10.1103/PhysRev.117.648,1960,2003,4,YoichiroNambu,2008,-5
10.1103/PhysRev.117.648,1960,2004,8,YoichiroNambu,2008,-4
10.1103/PhysRev.117.648,1960,2005,7,YoichiroNambu,2008,-3
10.1103/PhysRev.117.648,1960,2006,4,YoichiroNambu,2008,-2
10.1103/PhysRev.117.648,1960,2007,6,YoichiroNambu,2008,-1
10.1103/PhysRev.117.648,1960,2008,8,YoichiroNambu,2008,0
10.1103/PhysRev.117.648,1960,2009,11,YoichiroNambu,2008,1
10.1103/PhysRev.117.648,1960,2010,8,YoichiroNambu,2008,2
10.1103/PhysRev.117.648,1960,2011,7,YoichiroNambu,2008,3
10.1103/PhysRev.117.648,1960,2012,9,YoichiroNambu,2008,4
10.1103/PhysRev.117.648,1960,2013,12,YoichiroNambu,2008,5
10.1103/PhysRev.117.648,1960,2014,9,YoichiroNambu,2008,6
10.1103/PhysRev.117.648,1960,2015,8,YoichiroNambu,2008,7
10.1103/PhysRev.117.648,1960,2016,15,YoichiroNambu,2008,8
10.1103/PhysRev.117.648,1960,2017,18,YoichiroNambu,2008,9
10.1103/PhysRev.117.648,1960,2018,8,YoichiroNambu,2008,10
10.1103/PhysRev.117.648,1960,2019,15,YoichiroNambu,2008,11
10.1103/PhysRev.117.648,1960,NA,5,YoichiroNambu,2008,NA
10.1103/PhysRev.131.2766,1963,1964,8,RoyJGlauber,2005,-41
10.1103/PhysRev.131.2766,1963,1965,25,RoyJGlauber,2005,-40
10.1103/PhysRev.131.2766,1963,1966,22,RoyJGlauber,2005,-39
10.1103/PhysRev.131.2766,1963,1967,23,RoyJGlauber,2005,-38
10.1103/PhysRev.131.2766,1963,1968,21,RoyJGlauber,2005,-37
10.1103/PhysRev.131.2766,1963,1969,27,RoyJGlauber,2005,-36
10.1103/PhysRev.131.2766,1963,1970,17,RoyJGlauber,2005,-35
10.1103/PhysRev.131.2766,1963,1971,13,RoyJGlauber,2005,-34
10.1103/PhysRev.131.2766,1963,1972,5,RoyJGlauber,2005,-33
10.1103/PhysRev.131.2766,1963,1973,12,RoyJGlauber,2005,-32
10.1103/PhysRev.131.2766,1963,1974,12,RoyJGlauber,2005,-31
10.1103/PhysRev.131.2766,1963,1975,16,RoyJGlauber,2005,-30
10.1103/PhysRev.131.2766,1963,1976,13,RoyJGlauber,2005,-29
10.1103/PhysRev.131.2766,1963,1977,10,RoyJGlauber,2005,-28
10.1103/PhysRev.131.2766,1963,1978,16,RoyJGlauber,2005,-27
10.1103/PhysRev.131.2766,1963,1979,17,RoyJGlauber,2005,-26
10.1103/PhysRev.131.2766,1963,1980,10,RoyJGlauber,2005,-25
10.1103/PhysRev.131.2766,1963,1981,18,RoyJGlauber,2005,-24
10.1103/PhysRev.131.2766,1963,1982,20,RoyJGlauber,2005,-23
10.1103/PhysRev.131.2766,1963,1983,14,RoyJGlauber,2005,-22
10.1103/PhysRev.131.2766,1963,1984,13,RoyJGlauber,2005,-21
10.1103/PhysRev.131.2766,1963,1985,15,RoyJGlauber,2005,-20
10.1103/PhysRev.131.2766,1963,1986,27,RoyJGlauber,2005,-19
10.1103/PhysRev.131.2766,1963,1987,23,RoyJGlauber,2005,-18
10.1103/PhysRev.131.2766,1963,1988,27,RoyJGlauber,2005,-17
10.1103/PhysRev.131.2766,1963,1989,31,RoyJGlauber,2005,-16
10.1103/PhysRev.131.2766,1963,1990,37,RoyJGlauber,2005,-15
10.1103/PhysRev.131.2766,1963,1991,30,RoyJGlauber,2005,-14
10.1103/PhysRev.131.2766,1963,1992,32,RoyJGlauber,2005,-13
10.1103/PhysRev.131.2766,1963,1993,34,RoyJGlauber,2005,-12
10.1103/PhysRev.131.2766,1963,1994,34,RoyJGlauber,2005,-11
10.1103/PhysRev.131.2766,1963,1995,25,RoyJGlauber,2005,-10
10.1103/PhysRev.131.2766,1963,1996,19,RoyJGlauber,2005,-9
10.1103/PhysRev.131.2766,1963,1997,18,RoyJGlauber,2005,-8
10.1103/PhysRev.131.2766,1963,1998,12,RoyJGlauber,2005,-7
10.1103/PhysRev.131.2766,1963,1999,19,RoyJGlauber,2005,-6
10.1103/PhysRev.131.2766,1963,2000,13,RoyJGlauber,2005,-5
10.1103/PhysRev.131.2766,1963,2001,14,RoyJGlauber,2005,-4
10.1103/PhysRev.131.2766,1963,2002,17,RoyJGlauber,2005,-3
10.1103/PhysRev.131.2766,1963,2003,15,RoyJGlauber,2005,-2
10.1103/PhysRev.131.2766,1963,2004,12,RoyJGlauber,2005,-1
10.1103/PhysRev.131.2766,1963,2005,25,RoyJGlauber,2005,0
10.1103/PhysRev.131.2766,1963,2006,15,RoyJGlauber,2005,1
10.1103/PhysRev.131.2766,1963,2007,19,RoyJGlauber,2005,2
10.1103/PhysRev.131.2766,1963,2008,29,RoyJGlauber,2005,3
10.1103/PhysRev.131.2766,1963,2009,28,RoyJGlauber,2005,4
10.1103/PhysRev.131.2766,1963,2010,36,RoyJGlauber,2005,5
10.1103/PhysRev.131.2766,1963,2011,37,RoyJGlauber,2005,6
10.1103/PhysRev.131.2766,1963,2012,32,RoyJGlauber,2005,7
10.1103/PhysRev.131.2766,1963,2013,42,RoyJGlauber,2005,8
10.1103/PhysRev.131.2766,1963,2014,38,RoyJGlauber,2005,9
10.1103/PhysRev.131.2766,1963,2015,39,RoyJGlauber,2005,10
10.1103/PhysRev.131.2766,1963,2016,45,RoyJGlauber,2005,11
10.1103/PhysRev.131.2766,1963,2017,49,RoyJGlauber,2005,12
10.1103/PhysRev.131.2766,1963,2018,45,RoyJGlauber,2005,13
10.1103/PhysRev.131.2766,1963,2019,43,RoyJGlauber,2005,14
10.1103/PhysRev.131.2766,1963,NA,5,RoyJGlauber,2005,NA
10.1103/PhysRev.138.A1326,1965,1966,2,RobertCRichardson,1996,-30
10.1103/PhysRev.138.A1326,1965,1967,5,RobertCRichardson,1996,-29
10.1103/PhysRev.138.A1326,1965,1968,7,RobertCRichardson,1996,-28
10.1103/PhysRev.138.A1326,1965,1969,8,RobertCRichardson,1996,-27
10.1103/PhysRev.138.A1326,1965,1970,3,RobertCRichardson,1996,-26
10.1103/PhysRev.138.A1326,1965,1971,4,RobertCRichardson,1996,-25
10.1103/PhysRev.138.A1326,1965,1972,1,RobertCRichardson,1996,-24
10.1103/PhysRev.138.A1326,1965,1973,2,RobertCRichardson,1996,-23
10.1103/PhysRev.138.A1326,1965,1975,1,RobertCRichardson,1996,-21
10.1103/PhysRev.138.A1326,1965,1976,1,RobertCRichardson,1996,-20
10.1103/PhysRev.138.A1326,1965,1977,2,RobertCRichardson,1996,-19
10.1103/PhysRev.138.A1326,1965,1979,1,RobertCRichardson,1996,-17
10.1103/PhysRev.138.A1326,1965,1991,1,RobertCRichardson,1996,-5
10.1103/PhysRev.138.A1326,1965,1997,1,RobertCRichardson,1996,1
10.1103/PhysRev.138.A1326,1965,2003,1,RobertCRichardson,1996,7
10.1103/PhysRev.138.A1326,1965,NA,1,RobertCRichardson,1996,NA
10.1103/PhysRevA.5.968,1972,1972,1,ClaudeCohenTannoudji,1997,-25
10.1103/PhysRevA.5.968,1972,1976,1,ClaudeCohenTannoudji,1997,-21
10.1103/PhysRevA.5.968,1972,1979,1,ClaudeCohenTannoudji,1997,-18
10.1103/PhysRevA.5.968,1972,1981,1,ClaudeCohenTannoudji,1997,-16
10.1103/PhysRevA.5.968,1972,1987,1,ClaudeCohenTannoudji,1997,-10
10.1103/PhysRevA.5.968,1972,1990,2,ClaudeCohenTannoudji,1997,-7
10.1103/PhysRevA.5.968,1972,1991,2,ClaudeCohenTannoudji,1997,-6
10.1103/PhysRevA.5.968,1972,1992,4,ClaudeCohenTannoudji,1997,-5
10.1103/PhysRevA.5.968,1972,1993,1,ClaudeCohenTannoudji,1997,-4
10.1103/PhysRevA.5.968,1972,1994,1,ClaudeCohenTannoudji,1997,-3
10.1103/PhysRevA.5.968,1972,1996,1,ClaudeCohenTannoudji,1997,-1
10.1103/PhysRevA.5.968,1972,1998,2,ClaudeCohenTannoudji,1997,1
10.1103/PhysRevA.5.968,1972,1999,1,ClaudeCohenTannoudji,1997,2
10.1103/PhysRevA.5.968,1972,2000,1,ClaudeCohenTannoudji,1997,3
10.1103/PhysRevA.5.968,1972,2001,2,ClaudeCohenTannoudji,1997,4
10.1103/PhysRevA.5.968,1972,2002,3,ClaudeCohenTannoudji,1997,5
10.1103/PhysRevA.5.968,1972,2004,2,ClaudeCohenTannoudji,1997,7
10.1103/PhysRevA.5.968,1972,2005,3,ClaudeCohenTannoudji,1997,8
10.1103/PhysRevA.5.968,1972,2006,4,ClaudeCohenTannoudji,1997,9
10.1103/PhysRevA.5.968,1972,2007,5,ClaudeCohenTannoudji,1997,10
10.1103/PhysRevA.5.968,1972,2008,2,ClaudeCohenTannoudji,1997,11
10.1103/PhysRevA.5.968,1972,2009,4,ClaudeCohenTannoudji,1997,12
10.1103/PhysRevA.5.968,1972,2010,5,ClaudeCohenTannoudji,1997,13
10.1103/PhysRevA.5.968,1972,2011,4,ClaudeCohenTannoudji,1997,14
10.1103/PhysRevA.5.968,1972,2012,1,ClaudeCohenTannoudji,1997,15
10.1103/PhysRevA.5.968,1972,2013,3,ClaudeCohenTannoudji,1997,16
10.1103/PhysRevA.5.968,1972,2014,3,ClaudeCohenTannoudji,1997,17
10.1103/PhysRevA.5.968,1972,2015,5,ClaudeCohenTannoudji,1997,18
10.1103/PhysRevA.5.968,1972,2016,4,ClaudeCohenTannoudji,1997,19
10.1103/PhysRevA.5.968,1972,2017,4,ClaudeCohenTannoudji,1997,20
10.1103/PhysRevA.5.968,1972,2018,6,ClaudeCohenTannoudji,1997,21
10.1103/PhysRevA.5.968,1972,2019,1,ClaudeCohenTannoudji,1997,22
10.1103/PhysRevD.36.724,1987,1990,1,MakotoKobayashi,2008,-18
10.1103/PhysRevD.36.724,1987,1991,1,MakotoKobayashi,2008,-17
10.1103/PhysRevD.36.724,1987,1992,1,MakotoKobayashi,2008,-16
10.1103/PhysRevD.36.724,1987,1993,1,MakotoKobayashi,2008,-15
10.1103/PhysRevD.36.724,1987,1994,6,MakotoKobayashi,2008,-14
10.1103/PhysRevD.36.724,1987,1995,1,MakotoKobayashi,2008,-13
10.1103/PhysRevD.36.724,1987,1996,6,MakotoKobayashi,2008,-12
10.1103/PhysRevD.36.724,1987,1997,3,MakotoKobayashi,2008,-11
10.1103/PhysRevD.36.724,1987,1998,5,MakotoKobayashi,2008,-10
10.1103/PhysRevD.36.724,1987,1999,2,MakotoKobayashi,2008,-9
10.1103/PhysRevD.36.724,1987,2000,7,MakotoKobayashi,2008,-8
10.1103/PhysRevD.36.724,1987,2001,4,MakotoKobayashi,2008,-7
10.1103/PhysRevD.36.724,1987,2002,4,MakotoKobayashi,2008,-6
10.1103/PhysRevD.36.724,1987,2003,2,MakotoKobayashi,2008,-5
10.1103/PhysRevD.36.724,1987,2004,3,MakotoKobayashi,2008,-4
10.1103/PhysRevD.36.724,1987,2005,3,MakotoKobayashi,2008,-3
10.1103/PhysRevD.36.724,1987,2006,8,MakotoKobayashi,2008,-2
10.1103/PhysRevD.36.724,1987,2007,5,MakotoKobayashi,2008,-1
10.1103/PhysRevD.36.724,1987,2008,3,MakotoKobayashi,2008,0
10.1103/PhysRevD.36.724,1987,2009,4,MakotoKobayashi,2008,1
10.1103/PhysRevD.36.724,1987,2010,3,MakotoKobayashi,2008,2
10.1103/PhysRevD.36.724,1987,2011,5,MakotoKobayashi,2008,3
10.1103/PhysRevD.36.724,1987,2012,5,MakotoKobayashi,2008,4
10.1103/PhysRevD.36.724,1987,2013,6,MakotoKobayashi,2008,5
10.1103/PhysRevD.36.724,1987,2014,4,MakotoKobayashi,2008,6
10.1103/PhysRevD.36.724,1987,2015,2,MakotoKobayashi,2008,7
10.1103/PhysRevD.36.724,1987,2016,2,MakotoKobayashi,2008,8
10.1103/PhysRevD.36.724,1987,2017,2,MakotoKobayashi,2008,9
10.1103/PhysRevD.36.724,1987,2018,1,MakotoKobayashi,2008,10
10.1103/PhysRevD.89.111502,2014,2014,5,ToshihideMaskawa,2008,6
10.1103/PhysRevD.89.111502,2014,2015,2,ToshihideMaskawa,2008,7
10.1103/PhysRevD.89.111502,2014,2016,11,ToshihideMaskawa,2008,8
10.1103/PhysRevD.89.111502,2014,2017,5,ToshihideMaskawa,2008,9
10.1103/PhysRevD.89.111502,2014,2018,7,ToshihideMaskawa,2008,10
10.1103/PhysRevD.89.111502,2014,2019,2,ToshihideMaskawa,2008,11
10.1103/PhysRevE.58.4692,1998,1998,1,PierreGillesdeGennes,1991,7
10.1103/PhysRevE.58.4692,1998,1999,4,PierreGillesdeGennes,1991,8
10.1103/PhysRevE.58.4692,1998,2000,2,PierreGillesdeGennes,1991,9
10.1103/PhysRevE.58.4692,1998,2001,5,PierreGillesdeGennes,1991,10
10.1103/PhysRevE.58.4692,1998,2002,3,PierreGillesdeGennes,1991,11
10.1103/PhysRevE.58.4692,1998,2003,2,PierreGillesdeGennes,1991,12
10.1103/PhysRevE.58.4692,1998,2004,1,PierreGillesdeGennes,1991,13
10.1103/PhysRevE.58.4692,1998,2005,2,PierreGillesdeGennes,1991,14
10.1103/PhysRevE.58.4692,1998,2006,1,PierreGillesdeGennes,1991,15
10.1103/PhysRevE.58.4692,1998,2007,1,PierreGillesdeGennes,1991,16
10.1103/PhysRevE.58.4692,1998,2008,1,PierreGillesdeGennes,1991,17
10.1103/PhysRevE.58.4692,1998,2015,1,PierreGillesdeGennes,1991,24
10.1103/PhysRevE.58.4692,1998,2017,2,PierreGillesdeGennes,1991,26
10.1103/PhysRevE.58.4692,1998,2018,2,PierreGillesdeGennes,1991,27
10.1103/PhysRevLett.111.185302,2013,2013,6,WolfgangKetterle,2001,12
10.1103/PhysRevLett.111.185302,2013,2014,56,WolfgangKetterle,2001,13
10.1103/PhysRevLett.111.185302,2013,2015,74,WolfgangKetterle,2001,14
10.1103/PhysRevLett.111.185302,2013,2016,74,WolfgangKetterle,2001,15
10.1103/PhysRevLett.111.185302,2013,2017,71,WolfgangKetterle,2001,16
10.1103/PhysRevLett.111.185302,2013,2018,74,WolfgangKetterle,2001,17
10.1103/PhysRevLett.111.185302,2013,2019,67,WolfgangKetterle,2001,18
10.1103/PhysRevLett.111.185302,2013,NA,10,WolfgangKetterle,2001,NA
10.1103/PhysRevLett.20.1205,1968,1968,3,RaymondDavisJr,2002,-34
10.1103/PhysRevLett.20.1205,1968,1969,1,RaymondDavisJr,2002,-33
10.1103/PhysRevLett.20.1205,1968,1970,1,RaymondDavisJr,2002,-32
10.1103/PhysRevLett.20.1205,1968,1971,3,RaymondDavisJr,2002,-31
10.1103/PhysRevLett.20.1205,1968,1972,3,RaymondDavisJr,2002,-30
10.1103/PhysRevLett.20.1205,1968,1973,5,RaymondDavisJr,2002,-29
10.1103/PhysRevLett.20.1205,1968,1974,1,RaymondDavisJr,2002,-28
10.1103/PhysRevLett.20.1205,1968,1976,1,RaymondDavisJr,2002,-26
10.1103/PhysRevLett.20.1205,1968,1977,3,RaymondDavisJr,2002,-25
10.1103/PhysRevLett.20.1205,1968,1978,1,RaymondDavisJr,2002,-24
10.1103/PhysRevLett.20.1205,1968,1980,2,RaymondDavisJr,2002,-22
10.1103/PhysRevLett.20.1205,1968,1981,2,RaymondDavisJr,2002,-21
10.1103/PhysRevLett.20.1205,1968,1982,2,RaymondDavisJr,2002,-20
10.1103/PhysRevLett.20.1205,1968,1983,1,RaymondDavisJr,2002,-19
10.1103/PhysRevLett.20.1205,1968,1984,3,RaymondDavisJr,2002,-18
10.1103/PhysRevLett.20.1205,1968,1985,3,RaymondDavisJr,2002,-17
10.1103/PhysRevLett.20.1205,1968,1986,3,RaymondDavisJr,2002,-16
10.1103/PhysRevLett.20.1205,1968,1987,3,RaymondDavisJr,2002,-15
10.1103/PhysRevLett.20.1205,1968,1988,6,RaymondDavisJr,2002,-14
10.1103/PhysRevLett.20.1205,1968,1989,3,RaymondDavisJr,2002,-13
10.1103/PhysRevLett.20.1205,1968,1990,4,RaymondDavisJr,2002,-12
10.1103/PhysRevLett.20.1205,1968,1991,6,RaymondDavisJr,2002,-11
10.1103/PhysRevLett.20.1205,1968,1992,3,RaymondDavisJr,2002,-10
10.1103/PhysRevLett.20.1205,1968,1993,8,RaymondDavisJr,2002,-9
10.1103/PhysRevLett.20.1205,1968,1994,4,RaymondDavisJr,2002,-8
10.1103/PhysRevLett.20.1205,1968,1995,3,RaymondDavisJr,2002,-7
10.1103/PhysRevLett.20.1205,1968,1996,5,RaymondDavisJr,2002,-6
10.1103/PhysRevLett.20.1205,1968,1997,1,RaymondDavisJr,2002,-5
10.1103/PhysRevLett.20.1205,1968,1998,3,RaymondDavisJr,2002,-4
10.1103/PhysRevLett.20.1205,1968,1999,4,RaymondDavisJr,2002,-3
10.1103/PhysRevLett.20.1205,1968,2000,4,RaymondDavisJr,2002,-2
10.1103/PhysRevLett.20.1205,1968,2001,4,RaymondDavisJr,2002,-1
10.1103/PhysRevLett.20.1205,1968,2002,6,RaymondDavisJr,2002,0
10.1103/PhysRevLett.20.1205,1968,2003,7,RaymondDavisJr,2002,1
10.1103/PhysRevLett.20.1205,1968,2005,1,RaymondDavisJr,2002,3
10.1103/PhysRevLett.20.1205,1968,2006,3,RaymondDavisJr,2002,4
10.1103/PhysRevLett.20.1205,1968,2007,1,RaymondDavisJr,2002,5
10.1103/PhysRevLett.20.1205,1968,2008,2,RaymondDavisJr,2002,6
10.1103/PhysRevLett.20.1205,1968,2009,2,RaymondDavisJr,2002,7
10.1103/PhysRevLett.20.1205,1968,2010,1,RaymondDavisJr,2002,8
10.1103/PhysRevLett.20.1205,1968,2011,4,RaymondDavisJr,2002,9
10.1103/PhysRevLett.20.1205,1968,2012,4,RaymondDavisJr,2002,10
10.1103/PhysRevLett.20.1205,1968,2013,2,RaymondDavisJr,2002,11
10.1103/PhysRevLett.20.1205,1968,2014,1,RaymondDavisJr,2002,12
10.1103/PhysRevLett.20.1205,1968,2016,6,RaymondDavisJr,2002,14
10.1103/PhysRevLett.20.1205,1968,2017,3,RaymondDavisJr,2002,15
10.1103/PhysRevLett.20.1205,1968,2018,1,RaymondDavisJr,2002,16
10.1103/PhysRevLett.20.1205,1968,2019,4,RaymondDavisJr,2002,17
10.1103/PhysRevLett.21.482,1968,1968,1,RichardETaylor,1990,-22
10.1103/PhysRevLett.21.482,1968,1969,3,RichardETaylor,1990,-21
10.1103/PhysRevLett.21.482,1968,1970,3,RichardETaylor,1990,-20
10.1103/PhysRevLett.21.482,1968,1973,1,RichardETaylor,1990,-17
10.1103/PhysRevLett.21.482,1968,1996,1,RichardETaylor,1990,6
10.1103/PhysRevLett.21.482,1968,2003,1,RichardETaylor,1990,13
10.1103/PhysRevLett.21.482,1968,2004,3,RichardETaylor,1990,14
10.1103/PhysRevLett.21.482,1968,2005,4,RichardETaylor,1990,15
10.1103/PhysRevLett.21.482,1968,2007,1,RichardETaylor,1990,17
10.1103/PhysRevLett.21.482,1968,2008,1,RichardETaylor,1990,18
10.1103/PhysRevLett.21.482,1968,2009,2,RichardETaylor,1990,19
10.1103/PhysRevLett.21.482,1968,2011,2,RichardETaylor,1990,21
10.1103/PhysRevLett.21.482,1968,2013,1,RichardETaylor,1990,23
10.1103/PhysRevLett.21.482,1968,2015,3,RichardETaylor,1990,25
10.1103/PhysRevLett.21.482,1968,2017,4,RichardETaylor,1990,27
10.1103/PhysRevLett.23.836,1969,1969,1,DouglasDOsheroff,1996,-27
10.1103/PhysRevLett.23.836,1969,1970,3,DouglasDOsheroff,1996,-26
10.1103/PhysRevLett.23.836,1969,1971,5,DouglasDOsheroff,1996,-25
10.1103/PhysRevLett.23.836,1969,1972,3,DouglasDOsheroff,1996,-24
10.1103/PhysRevLett.23.836,1969,1973,4,DouglasDOsheroff,1996,-23
10.1103/PhysRevLett.23.836,1969,1974,2,DouglasDOsheroff,1996,-22
10.1103/PhysRevLett.23.836,1969,1975,1,DouglasDOsheroff,1996,-21
10.1103/PhysRevLett.23.836,1969,1976,1,DouglasDOsheroff,1996,-20
10.1103/PhysRevLett.23.836,1969,1977,2,DouglasDOsheroff,1996,-19
10.1103/PhysRevLett.23.836,1969,1980,1,DouglasDOsheroff,1996,-16
10.1103/PhysRevLett.23.836,1969,1982,1,DouglasDOsheroff,1996,-14
10.1103/PhysRevLett.23.836,1969,1983,1,DouglasDOsheroff,1996,-13
10.1103/PhysRevLett.23.836,1969,1985,1,DouglasDOsheroff,1996,-11
10.1103/PhysRevLett.23.836,1969,1997,3,DouglasDOsheroff,1996,1
10.1103/PhysRevLett.28.1406,1972,1972,3,FrederickReines,1995,-23
10.1103/PhysRevLett.28.1406,1972,1973,6,FrederickReines,1995,-22
10.1103/PhysRevLett.28.1406,1972,1974,6,FrederickReines,1995,-21
10.1103/PhysRevLett.28.1406,1972,1975,7,FrederickReines,1995,-20
10.1103/PhysRevLett.28.1406,1972,1976,3,FrederickReines,1995,-19
10.1103/PhysRevLett.28.1406,1972,1977,1,FrederickReines,1995,-18
10.1103/PhysRevLett.28.1406,1972,1983,1,FrederickReines,1995,-12
10.1103/PhysRevLett.28.1406,1972,2004,1,FrederickReines,1995,9
10.1103/PhysRevLett.30.1343,1973,1973,11,DavidJGross,2004,-31
10.1103/PhysRevLett.30.1343,1973,1974,49,DavidJGross,2004,-30
10.1103/PhysRevLett.30.1343,1973,1975,49,DavidJGross,2004,-29
10.1103/PhysRevLett.30.1343,1973,1976,39,DavidJGross,2004,-28
10.1103/PhysRevLett.30.1343,1973,1977,38,DavidJGross,2004,-27
10.1103/PhysRevLett.30.1343,1973,1978,37,DavidJGross,2004,-26
10.1103/PhysRevLett.30.1343,1973,1979,46,DavidJGross,2004,-25
10.1103/PhysRevLett.30.1343,1973,1980,38,DavidJGross,2004,-24
10.1103/PhysRevLett.30.1343,1973,1981,12,DavidJGross,2004,-23
10.1103/PhysRevLett.30.1343,1973,1982,19,DavidJGross,2004,-22
10.1103/PhysRevLett.30.1343,1973,1983,10,DavidJGross,2004,-21
10.1103/PhysRevLett.30.1343,1973,1984,13,DavidJGross,2004,-20
10.1103/PhysRevLett.30.1343,1973,1985,10,DavidJGross,2004,-19
10.1103/PhysRevLett.30.1343,1973,1986,12,DavidJGross,2004,-18
10.1103/PhysRevLett.30.1343,1973,1987,3,DavidJGross,2004,-17
10.1103/PhysRevLett.30.1343,1973,1988,3,DavidJGross,2004,-16
10.1103/PhysRevLett.30.1343,1973,1989,6,DavidJGross,2004,-15
10.1103/PhysRevLett.30.1343,1973,1990,5,DavidJGross,2004,-14
10.1103/PhysRevLett.30.1343,1973,1991,5,DavidJGross,2004,-13
10.1103/PhysRevLett.30.1343,1973,1992,4,DavidJGross,2004,-12
10.1103/PhysRevLett.30.1343,1973,1993,8,DavidJGross,2004,-11
10.1103/PhysRevLett.30.1343,1973,1994,8,DavidJGross,2004,-10
10.1103/PhysRevLett.30.1343,1973,1995,10,DavidJGross,2004,-9
10.1103/PhysRevLett.30.1343,1973,1996,11,DavidJGross,2004,-8
10.1103/PhysRevLett.30.1343,1973,1997,5,DavidJGross,2004,-7
10.1103/PhysRevLett.30.1343,1973,1998,7,DavidJGross,2004,-6
10.1103/PhysRevLett.30.1343,1973,1999,1,DavidJGross,2004,-5
10.1103/PhysRevLett.30.1343,1973,2000,6,DavidJGross,2004,-4
10.1103/PhysRevLett.30.1343,1973,2001,8,DavidJGross,2004,-3
10.1103/PhysRevLett.30.1343,1973,2002,10,DavidJGross,2004,-2
10.1103/PhysRevLett.30.1343,1973,2003,5,DavidJGross,2004,-1
10.1103/PhysRevLett.30.1343,1973,2004,12,DavidJGross,2004,0
10.1103/PhysRevLett.30.1343,1973,2005,7,DavidJGross,2004,1
10.1103/PhysRevLett.30.1343,1973,2006,11,DavidJGross,2004,2
10.1103/PhysRevLett.30.1343,1973,2007,6,DavidJGross,2004,3
10.1103/PhysRevLett.30.1343,1973,2008,16,DavidJGross,2004,4
10.1103/PhysRevLett.30.1343,1973,2009,11,DavidJGross,2004,5
10.1103/PhysRevLett.30.1343,1973,2010,8,DavidJGross,2004,6
10.1103/PhysRevLett.30.1343,1973,2011,17,DavidJGross,2004,7
10.1103/PhysRevLett.30.1343,1973,2012,13,DavidJGross,2004,8
10.1103/PhysRevLett.30.1343,1973,2013,12,DavidJGross,2004,9
10.1103/PhysRevLett.30.1343,1973,2014,19,DavidJGross,2004,10
10.1103/PhysRevLett.30.1343,1973,2015,26,DavidJGross,2004,11
10.1103/PhysRevLett.30.1343,1973,2016,17,DavidJGross,2004,12
10.1103/PhysRevLett.30.1343,1973,2017,24,DavidJGross,2004,13
10.1103/PhysRevLett.30.1343,1973,2018,22,DavidJGross,2004,14
10.1103/PhysRevLett.30.1343,1973,2019,18,DavidJGross,2004,15
10.1103/PhysRevLett.30.1343,1973,NA,2,DavidJGross,2004,NA
10.1103/PhysRevLett.30.1346,1973,1973,11,HDavidPolitzer,2004,-31
10.1103/PhysRevLett.30.1346,1973,1974,48,HDavidPolitzer,2004,-30
10.1103/PhysRevLett.30.1346,1973,1975,52,HDavidPolitzer,2004,-29
10.1103/PhysRevLett.30.1346,1973,1976,40,HDavidPolitzer,2004,-28
10.1103/PhysRevLett.30.1346,1973,1977,42,HDavidPolitzer,2004,-27
10.1103/PhysRevLett.30.1346,1973,1978,39,HDavidPolitzer,2004,-26
10.1103/PhysRevLett.30.1346,1973,1979,54,HDavidPolitzer,2004,-25
10.1103/PhysRevLett.30.1346,1973,1980,40,HDavidPolitzer,2004,-24
10.1103/PhysRevLett.30.1346,1973,1981,13,HDavidPolitzer,2004,-23
10.1103/PhysRevLett.30.1346,1973,1982,17,HDavidPolitzer,2004,-22
10.1103/PhysRevLett.30.1346,1973,1983,9,HDavidPolitzer,2004,-21
10.1103/PhysRevLett.30.1346,1973,1984,16,HDavidPolitzer,2004,-20
10.1103/PhysRevLett.30.1346,1973,1985,10,HDavidPolitzer,2004,-19
10.1103/PhysRevLett.30.1346,1973,1986,12,HDavidPolitzer,2004,-18
10.1103/PhysRevLett.30.1346,1973,1987,4,HDavidPolitzer,2004,-17
10.1103/PhysRevLett.30.1346,1973,1988,5,HDavidPolitzer,2004,-16
10.1103/PhysRevLett.30.1346,1973,1989,5,HDavidPolitzer,2004,-15
10.1103/PhysRevLett.30.1346,1973,1990,5,HDavidPolitzer,2004,-14
10.1103/PhysRevLett.30.1346,1973,1991,5,HDavidPolitzer,2004,-13
10.1103/PhysRevLett.30.1346,1973,1992,3,HDavidPolitzer,2004,-12
10.1103/PhysRevLett.30.1346,1973,1993,8,HDavidPolitzer,2004,-11
10.1103/PhysRevLett.30.1346,1973,1994,7,HDavidPolitzer,2004,-10
10.1103/PhysRevLett.30.1346,1973,1995,9,HDavidPolitzer,2004,-9
10.1103/PhysRevLett.30.1346,1973,1996,12,HDavidPolitzer,2004,-8
10.1103/PhysRevLett.30.1346,1973,1997,3,HDavidPolitzer,2004,-7
10.1103/PhysRevLett.30.1346,1973,1998,8,HDavidPolitzer,2004,-6
10.1103/PhysRevLett.30.1346,1973,1999,2,HDavidPolitzer,2004,-5
10.1103/PhysRevLett.30.1346,1973,2000,4,HDavidPolitzer,2004,-4
10.1103/PhysRevLett.30.1346,1973,2001,8,HDavidPolitzer,2004,-3
10.1103/PhysRevLett.30.1346,1973,2002,11,HDavidPolitzer,2004,-2
10.1103/PhysRevLett.30.1346,1973,2003,5,HDavidPolitzer,2004,-1
10.1103/PhysRevLett.30.1346,1973,2004,13,HDavidPolitzer,2004,0
10.1103/PhysRevLett.30.1346,1973,2005,7,HDavidPolitzer,2004,1
10.1103/PhysRevLett.30.1346,1973,2006,11,HDavidPolitzer,2004,2
10.1103/PhysRevLett.30.1346,1973,2007,7,HDavidPolitzer,2004,3
10.1103/PhysRevLett.30.1346,1973,2008,16,HDavidPolitzer,2004,4
10.1103/PhysRevLett.30.1346,1973,2009,10,HDavidPolitzer,2004,5
10.1103/PhysRevLett.30.1346,1973,2010,9,HDavidPolitzer,2004,6
10.1103/PhysRevLett.30.1346,1973,2011,17,HDavidPolitzer,2004,7
10.1103/PhysRevLett.30.1346,1973,2012,13,HDavidPolitzer,2004,8
10.1103/PhysRevLett.30.1346,1973,2013,12,HDavidPolitzer,2004,9
10.1103/PhysRevLett.30.1346,1973,2014,18,HDavidPolitzer,2004,10
10.1103/PhysRevLett.30.1346,1973,2015,24,HDavidPolitzer,2004,11
10.1103/PhysRevLett.30.1346,1973,2016,15,HDavidPolitzer,2004,12
10.1103/PhysRevLett.30.1346,1973,2017,21,HDavidPolitzer,2004,13
10.1103/PhysRevLett.30.1346,1973,2018,26,HDavidPolitzer,2004,14
10.1103/PhysRevLett.30.1346,1973,2019,17,HDavidPolitzer,2004,15
10.1103/PhysRevLett.30.1346,1973,NA,2,HDavidPolitzer,2004,NA
10.1103/PhysRevLett.59.2631,1987,1988,4,StevenChu,1997,-9
10.1103/PhysRevLett.59.2631,1987,1989,4,StevenChu,1997,-8
10.1103/PhysRevLett.59.2631,1987,1990,6,StevenChu,1997,-7
10.1103/PhysRevLett.59.2631,1987,1991,7,StevenChu,1997,-6
10.1103/PhysRevLett.59.2631,1987,1992,11,StevenChu,1997,-5
10.1103/PhysRevLett.59.2631,1987,1993,14,StevenChu,1997,-4
10.1103/PhysRevLett.59.2631,1987,1994,13,StevenChu,1997,-3
10.1103/PhysRevLett.59.2631,1987,1995,14,StevenChu,1997,-2
10.1103/PhysRevLett.59.2631,1987,1996,14,StevenChu,1997,-1
10.1103/PhysRevLett.59.2631,1987,1997,16,StevenChu,1997,0
10.1103/PhysRevLett.59.2631,1987,1998,18,StevenChu,1997,1
10.1103/PhysRevLett.59.2631,1987,1999,26,StevenChu,1997,2
10.1103/PhysRevLett.59.2631,1987,2000,17,StevenChu,1997,3
10.1103/PhysRevLett.59.2631,1987,2001,14,StevenChu,1997,4
10.1103/PhysRevLett.59.2631,1987,2002,5,StevenChu,1997,5
10.1103/PhysRevLett.59.2631,1987,2003,8,StevenChu,1997,6
10.1103/PhysRevLett.59.2631,1987,2004,8,StevenChu,1997,7
10.1103/PhysRevLett.59.2631,1987,2005,17,StevenChu,1997,8
10.1103/PhysRevLett.59.2631,1987,2006,10,StevenChu,1997,9
10.1103/PhysRevLett.59.2631,1987,2007,8,StevenChu,1997,10
10.1103/PhysRevLett.59.2631,1987,2008,8,StevenChu,1997,11
10.1103/PhysRevLett.59.2631,1987,2009,6,StevenChu,1997,12
10.1103/PhysRevLett.59.2631,1987,2011,9,StevenChu,1997,14
10.1103/PhysRevLett.59.2631,1987,2012,5,StevenChu,1997,15
10.1103/PhysRevLett.59.2631,1987,2013,2,StevenChu,1997,16
10.1103/PhysRevLett.59.2631,1987,2014,4,StevenChu,1997,17
10.1103/PhysRevLett.59.2631,1987,2015,4,StevenChu,1997,18
10.1103/PhysRevLett.59.2631,1987,2016,4,StevenChu,1997,19
10.1103/PhysRevLett.59.2631,1987,2017,4,StevenChu,1997,20
10.1103/PhysRevLett.59.2631,1987,2018,5,StevenChu,1997,21
10.1103/PhysRevLett.59.2631,1987,2019,6,StevenChu,1997,22
10.1103/PhysRevLett.59.2631,1987,NA,1,StevenChu,1997,NA
10.1103/PhysRevLett.64.408,1990,1990,1,CarlWieman,2001,-11
10.1103/PhysRevLett.64.408,1990,1991,2,CarlWieman,2001,-10
10.1103/PhysRevLett.64.408,1990,1992,10,CarlWieman,2001,-9
10.1103/PhysRevLett.64.408,1990,1993,7,CarlWieman,2001,-8
10.1103/PhysRevLett.64.408,1990,1994,2,CarlWieman,2001,-7
10.1103/PhysRevLett.64.408,1990,1995,7,CarlWieman,2001,-6
10.1103/PhysRevLett.64.408,1990,1996,5,CarlWieman,2001,-5
10.1103/PhysRevLett.64.408,1990,1997,3,CarlWieman,2001,-4
10.1103/PhysRevLett.64.408,1990,1999,6,CarlWieman,2001,-2
10.1103/PhysRevLett.64.408,1990,2000,7,CarlWieman,2001,-1
10.1103/PhysRevLett.64.408,1990,2001,1,CarlWieman,2001,0
10.1103/PhysRevLett.64.408,1990,2002,2,CarlWieman,2001,1
10.1103/PhysRevLett.64.408,1990,2003,3,CarlWieman,2001,2
10.1103/PhysRevLett.64.408,1990,2004,4,CarlWieman,2001,3
10.1103/PhysRevLett.64.408,1990,2005,2,CarlWieman,2001,4
10.1103/PhysRevLett.64.408,1990,2006,6,CarlWieman,2001,5
10.1103/PhysRevLett.64.408,1990,2007,2,CarlWieman,2001,6
10.1103/PhysRevLett.64.408,1990,2008,3,CarlWieman,2001,7
10.1103/PhysRevLett.64.408,1990,2009,1,CarlWieman,2001,8
10.1103/PhysRevLett.64.408,1990,2010,3,CarlWieman,2001,9
10.1103/PhysRevLett.64.408,1990,2011,3,CarlWieman,2001,10
10.1103/PhysRevLett.64.408,1990,2012,2,CarlWieman,2001,11
10.1103/PhysRevLett.64.408,1990,2013,4,CarlWieman,2001,12
10.1103/PhysRevLett.64.408,1990,2014,3,CarlWieman,2001,13
10.1103/PhysRevLett.64.408,1990,2016,4,CarlWieman,2001,15
10.1103/PhysRevLett.64.408,1990,2017,5,CarlWieman,2001,16
10.1103/PhysRevLett.64.408,1990,2018,7,CarlWieman,2001,17
10.1103/PhysRevLett.64.408,1990,2019,2,CarlWieman,2001,18
10.1103/PhysRevLett.65.1643,1990,1990,1,AlbertFert,2007,-17
10.1103/PhysRevLett.65.1643,1990,1991,8,AlbertFert,2007,-16
10.1103/PhysRevLett.65.1643,1990,1992,18,AlbertFert,2007,-15
10.1103/PhysRevLett.65.1643,1990,1993,19,AlbertFert,2007,-14
10.1103/PhysRevLett.65.1643,1990,1994,15,AlbertFert,2007,-13
10.1103/PhysRevLett.65.1643,1990,1995,24,AlbertFert,2007,-12
10.1103/PhysRevLett.65.1643,1990,1996,14,AlbertFert,2007,-11
10.1103/PhysRevLett.65.1643,1990,1997,8,AlbertFert,2007,-10
10.1103/PhysRevLett.65.1643,1990,1998,8,AlbertFert,2007,-9
10.1103/PhysRevLett.65.1643,1990,1999,3,AlbertFert,2007,-8
10.1103/PhysRevLett.65.1643,1990,2000,3,AlbertFert,2007,-7
10.1103/PhysRevLett.65.1643,1990,2001,4,AlbertFert,2007,-6
10.1103/PhysRevLett.65.1643,1990,2002,4,AlbertFert,2007,-5
10.1103/PhysRevLett.65.1643,1990,2003,1,AlbertFert,2007,-4
10.1103/PhysRevLett.65.1643,1990,2005,3,AlbertFert,2007,-2
10.1103/PhysRevLett.65.1643,1990,2006,3,AlbertFert,2007,-1
10.1103/PhysRevLett.65.1643,1990,2008,2,AlbertFert,2007,1
10.1103/PhysRevLett.65.1643,1990,2013,1,AlbertFert,2007,6
10.1103/PhysRevLett.65.1643,1990,2016,2,AlbertFert,2007,9
10.1103/PhysRevLett.65.1643,1990,2018,1,AlbertFert,2007,11
10.1103/PhysRevLett.65.1643,1990,2019,1,AlbertFert,2007,12
10.1103/PhysRevLett.69.1856,1992,1993,17,GeorgeFSmoot,2006,-13
10.1103/PhysRevLett.69.1856,1992,1994,18,GeorgeFSmoot,2006,-12
10.1103/PhysRevLett.69.1856,1992,1995,9,GeorgeFSmoot,2006,-11
10.1103/PhysRevLett.69.1856,1992,1996,3,GeorgeFSmoot,2006,-10
10.1103/PhysRevLett.69.1856,1992,1997,8,GeorgeFSmoot,2006,-9
10.1103/PhysRevLett.69.1856,1992,1998,6,GeorgeFSmoot,2006,-8
10.1103/PhysRevLett.69.1856,1992,1999,2,GeorgeFSmoot,2006,-7
10.1103/PhysRevLett.69.1856,1992,2000,3,GeorgeFSmoot,2006,-6
10.1103/PhysRevLett.69.1856,1992,2001,2,GeorgeFSmoot,2006,-5
10.1103/PhysRevLett.69.1856,1992,2003,1,GeorgeFSmoot,2006,-3
10.1103/PhysRevLett.69.1856,1992,2004,3,GeorgeFSmoot,2006,-2
10.1103/PhysRevLett.69.1856,1992,2007,1,GeorgeFSmoot,2006,1
10.1103/PhysRevLett.69.1856,1992,2010,1,GeorgeFSmoot,2006,4
10.1103/PhysRevLett.69.1856,1992,2019,1,GeorgeFSmoot,2006,13
10.1103/PhysRevLett.69.2847,1992,1993,2,HerbertKroemer,2000,-7
10.1103/PhysRevLett.69.2847,1992,1994,6,HerbertKroemer,2000,-6
10.1103/PhysRevLett.69.2847,1992,1995,6,HerbertKroemer,2000,-5
10.1103/PhysRevLett.69.2847,1992,1996,4,HerbertKroemer,2000,-4
10.1103/PhysRevLett.69.2847,1992,1997,4,HerbertKroemer,2000,-3
10.1103/PhysRevLett.69.2847,1992,1998,7,HerbertKroemer,2000,-2
10.1103/PhysRevLett.69.2847,1992,1999,7,HerbertKroemer,2000,-1
10.1103/PhysRevLett.69.2847,1992,2000,4,HerbertKroemer,2000,0
10.1103/PhysRevLett.69.2847,1992,2001,3,HerbertKroemer,2000,1
10.1103/PhysRevLett.69.2847,1992,2002,1,HerbertKroemer,2000,2
10.1103/PhysRevLett.69.2847,1992,2003,3,HerbertKroemer,2000,3
10.1103/PhysRevLett.69.2847,1992,2004,1,HerbertKroemer,2000,4
10.1103/PhysRevLett.69.2847,1992,2005,5,HerbertKroemer,2000,5
10.1103/PhysRevLett.69.2847,1992,2006,1,HerbertKroemer,2000,6
10.1103/PhysRevLett.69.2847,1992,2008,1,HerbertKroemer,2000,8
10.1103/PhysRevLett.69.2847,1992,2009,2,HerbertKroemer,2000,9
10.1103/PhysRevLett.69.2847,1992,2011,2,HerbertKroemer,2000,11
10.1103/PhysRevLett.69.2847,1992,2012,2,HerbertKroemer,2000,12
10.1103/PhysRevLett.69.2847,1992,2016,1,HerbertKroemer,2000,16
10.1103/PhysRevLett.69.2847,1992,2017,3,HerbertKroemer,2000,17
10.1103/PhysRevLett.69.2847,1992,2018,1,HerbertKroemer,2000,18
10.1103/PhysRevLett.69.2847,1992,2019,2,HerbertKroemer,2000,19
10.1103/PhysRevLett.84.5102,2000,2000,3,JohnLHall,2005,-5
10.1103/PhysRevLett.84.5102,2000,2001,10,JohnLHall,2005,-4
10.1103/PhysRevLett.84.5102,2000,2002,4,JohnLHall,2005,-3
10.1103/PhysRevLett.84.5102,2000,2003,5,JohnLHall,2005,-2
10.1103/PhysRevLett.84.5102,2000,2004,4,JohnLHall,2005,-1
10.1103/PhysRevLett.84.5102,2000,2005,4,JohnLHall,2005,0
10.1103/PhysRevLett.84.5102,2000,2006,6,JohnLHall,2005,1
10.1103/PhysRevLett.84.5102,2000,2007,3,JohnLHall,2005,2
10.1103/PhysRevLett.84.5102,2000,2008,7,JohnLHall,2005,3
10.1103/PhysRevLett.84.5102,2000,2009,4,JohnLHall,2005,4
10.1103/PhysRevLett.84.5102,2000,2010,4,JohnLHall,2005,5
10.1103/PhysRevLett.84.5102,2000,2011,4,JohnLHall,2005,6
10.1103/PhysRevLett.84.5102,2000,2012,2,JohnLHall,2005,7
10.1103/PhysRevLett.84.5102,2000,2013,2,JohnLHall,2005,8
10.1103/PhysRevLett.84.5102,2000,2014,4,JohnLHall,2005,9
10.1103/PhysRevLett.84.5102,2000,2015,7,JohnLHall,2005,10
10.1103/PhysRevLett.84.5102,2000,2016,5,JohnLHall,2005,11
10.1103/PhysRevLett.84.5102,2000,2017,4,JohnLHall,2005,12
10.1103/PhysRevLett.84.5102,2000,2018,6,JohnLHall,2005,13
10.1103/PhysRevLett.87.106801,2001,2002,3,RobertBLaughlin,1998,4
10.1103/PhysRevLett.87.106801,2001,2003,8,RobertBLaughlin,1998,5
10.1103/PhysRevLett.87.106801,2001,2004,9,RobertBLaughlin,1998,6
10.1103/PhysRevLett.87.106801,2001,2005,11,RobertBLaughlin,1998,7
10.1103/PhysRevLett.87.106801,2001,2006,9,RobertBLaughlin,1998,8
10.1103/PhysRevLett.87.106801,2001,2007,7,RobertBLaughlin,1998,9
10.1103/PhysRevLett.87.106801,2001,2008,3,RobertBLaughlin,1998,10
10.1103/PhysRevLett.87.106801,2001,2009,5,RobertBLaughlin,1998,11
10.1103/PhysRevLett.87.106801,2001,2010,4,RobertBLaughlin,1998,12
10.1103/PhysRevLett.87.106801,2001,2011,1,RobertBLaughlin,1998,13
10.1103/PhysRevLett.87.106801,2001,2012,1,RobertBLaughlin,1998,14
10.1103/PhysRevLett.87.106801,2001,2013,1,RobertBLaughlin,1998,15
10.1103/PhysRevLett.87.106801,2001,2016,3,RobertBLaughlin,1998,18
10.1103/PhysRevLett.87.106801,2001,2018,1,RobertBLaughlin,1998,20
10.1103/PhysRevLett.87.106801,2001,2019,1,RobertBLaughlin,1998,21
10.1103/PhysRevLett.87.160405,2001,2001,1,TheodorWHänsch,2005,-4
10.1103/PhysRevLett.87.160405,2001,2002,20,TheodorWHänsch,2005,-3
10.1103/PhysRevLett.87.160405,2001,2003,31,TheodorWHänsch,2005,-2
10.1103/PhysRevLett.87.160405,2001,2004,27,TheodorWHänsch,2005,-1
10.1103/PhysRevLett.87.160405,2001,2005,38,TheodorWHänsch,2005,0
10.1103/PhysRevLett.87.160405,2001,2006,22,TheodorWHänsch,2005,1
10.1103/PhysRevLett.87.160405,2001,2007,22,TheodorWHänsch,2005,2
10.1103/PhysRevLett.87.160405,2001,2008,19,TheodorWHänsch,2005,3
10.1103/PhysRevLett.87.160405,2001,2009,15,TheodorWHänsch,2005,4
10.1103/PhysRevLett.87.160405,2001,2010,7,TheodorWHänsch,2005,5
10.1103/PhysRevLett.87.160405,2001,2011,14,TheodorWHänsch,2005,6
10.1103/PhysRevLett.87.160405,2001,2012,9,TheodorWHänsch,2005,7
10.1103/PhysRevLett.87.160405,2001,2013,14,TheodorWHänsch,2005,8
10.1103/PhysRevLett.87.160405,2001,2014,8,TheodorWHänsch,2005,9
10.1103/PhysRevLett.87.160405,2001,2015,10,TheodorWHänsch,2005,10
10.1103/PhysRevLett.87.160405,2001,2016,6,TheodorWHänsch,2005,11
10.1103/PhysRevLett.87.160405,2001,2017,5,TheodorWHänsch,2005,12
10.1103/PhysRevLett.87.160405,2001,2018,10,TheodorWHänsch,2005,13
10.1103/PhysRevLett.87.160405,2001,2019,7,TheodorWHänsch,2005,14
10.1103/PhysRevLett.87.160405,2001,NA,1,TheodorWHänsch,2005,NA
10.1103/PhysRevLett.9.439,1962,1963,2,RiccardoGiacconi,2002,-39
10.1103/PhysRevLett.9.439,1962,1965,5,RiccardoGiacconi,2002,-37
10.1103/PhysRevLett.9.439,1962,1966,1,RiccardoGiacconi,2002,-36
10.1103/PhysRevLett.9.439,1962,1993,1,RiccardoGiacconi,2002,-9
10.1103/PhysRevLett.9.439,1962,1998,1,RiccardoGiacconi,2002,-4
10.1103/PhysRevLett.9.439,1962,1999,1,RiccardoGiacconi,2002,-3
10.1103/PhysRevLett.9.439,1962,2003,1,RiccardoGiacconi,2002,1
10.1103/PhysRevLett.9.439,1962,2015,1,RiccardoGiacconi,2002,13
10.1103/PhysRevLett.9.439,1962,2017,1,RiccardoGiacconi,2002,15
10.1103/PhysRevLett.9.439,1962,2018,3,RiccardoGiacconi,2002,16
10.1103/PhysRevLett.9.439,1962,NA,1,RiccardoGiacconi,2002,NA
10.1103/RevModPhys.63.597,1991,1991,3,HenryWKendall,1990,1
10.1103/RevModPhys.63.597,1991,2004,1,HenryWKendall,1990,14
10.1103/RevModPhys.63.597,1991,2006,1,HenryWKendall,1990,16
10.1103/RevModPhys.63.597,1991,2008,1,HenryWKendall,1990,18
10.1103/RevModPhys.63.597,1991,2010,2,HenryWKendall,1990,20
10.1103/RevModPhys.63.597,1991,2013,2,HenryWKendall,1990,23
10.1103/RevModPhys.63.597,1991,2017,1,HenryWKendall,1990,27
10.1103/RevModPhys.63.597,1991,2018,1,HenryWKendall,1990,28
10.1103/RevModPhys.66.699,1994,1996,1,RussellAHulse,1993,3
10.1103/RevModPhys.66.699,1994,1999,1,RussellAHulse,1993,6
10.1103/RevModPhys.66.699,1994,2000,1,RussellAHulse,1993,7
10.1103/RevModPhys.66.699,1994,2001,1,RussellAHulse,1993,8
10.1103/RevModPhys.66.699,1994,2004,1,RussellAHulse,1993,11
10.1103/RevModPhys.66.699,1994,2005,1,RussellAHulse,1993,12
10.1103/RevModPhys.66.699,1994,2013,1,RussellAHulse,1993,20
10.1103/RevModPhys.66.699,1994,2016,2,RussellAHulse,1993,23
10.1103/RevModPhys.66.711,1994,1996,3,JosephHTaylorJr,1993,3
10.1103/RevModPhys.66.711,1994,1997,1,JosephHTaylorJr,1993,4
10.1103/RevModPhys.66.711,1994,1998,3,JosephHTaylorJr,1993,5
10.1103/RevModPhys.66.711,1994,1999,4,JosephHTaylorJr,1993,6
10.1103/RevModPhys.66.711,1994,2000,2,JosephHTaylorJr,1993,7
10.1103/RevModPhys.66.711,1994,2001,2,JosephHTaylorJr,1993,8
10.1103/RevModPhys.66.711,1994,2002,3,JosephHTaylorJr,1993,9
10.1103/RevModPhys.66.711,1994,2003,1,JosephHTaylorJr,1993,10
10.1103/RevModPhys.66.711,1994,2004,2,JosephHTaylorJr,1993,11
10.1103/RevModPhys.66.711,1994,2005,2,JosephHTaylorJr,1993,12
10.1103/RevModPhys.66.711,1994,2006,1,JosephHTaylorJr,1993,13
10.1103/RevModPhys.66.711,1994,2008,2,JosephHTaylorJr,1993,15
10.1103/RevModPhys.66.711,1994,2010,2,JosephHTaylorJr,1993,17
10.1103/RevModPhys.66.711,1994,2011,1,JosephHTaylorJr,1993,18
10.1103/RevModPhys.66.711,1994,2013,1,JosephHTaylorJr,1993,20
10.1103/RevModPhys.66.711,1994,2015,1,JosephHTaylorJr,1993,22
10.1103/RevModPhys.66.711,1994,2016,2,JosephHTaylorJr,1993,23
10.1103/RevModPhys.66.711,1994,2017,1,JosephHTaylorJr,1993,24
10.1103/RevModPhys.66.711,1994,2018,1,JosephHTaylorJr,1993,25
10.1103/RevModPhys.67.735,1995,2007,1,BertramNBrockhouse,1994,13
10.1103/RevModPhys.67.735,1995,2009,1,BertramNBrockhouse,1994,15
10.1103/RevModPhys.67.735,1995,2012,1,BertramNBrockhouse,1994,18
10.1103/RevModPhys.67.735,1995,2013,1,BertramNBrockhouse,1994,19
10.1103/RevModPhys.67.735,1995,2014,1,BertramNBrockhouse,1994,20
10.1103/RevModPhys.67.735,1995,2016,1,BertramNBrockhouse,1994,22
10.1103/RevModPhys.67.735,1995,2019,1,BertramNBrockhouse,1994,25
10.1103/RevModPhys.67.753,1995,2007,1,CliffordGShull,1994,13
10.1103/RevModPhys.67.753,1995,2015,1,CliffordGShull,1994,21
10.1103/RevModPhys.67.753,1995,2018,1,CliffordGShull,1994,24
10.1103/RevModPhys.69.645,1997,1999,1,DavidMLee,1996,3
10.1103/RevModPhys.69.645,1997,2000,1,DavidMLee,1996,4
10.1103/RevModPhys.69.645,1997,2001,1,DavidMLee,1996,5
10.1103/RevModPhys.69.645,1997,2002,1,DavidMLee,1996,6
10.1103/RevModPhys.69.645,1997,2003,1,DavidMLee,1996,7
10.1103/RevModPhys.69.645,1997,2004,2,DavidMLee,1996,8
10.1103/RevModPhys.69.645,1997,2005,1,DavidMLee,1996,9
10.1103/RevModPhys.69.645,1997,2007,1,DavidMLee,1996,11
10.1103/RevModPhys.69.645,1997,2008,3,DavidMLee,1996,12
10.1103/RevModPhys.69.645,1997,2009,1,DavidMLee,1996,13
10.1103/RevModPhys.69.645,1997,2011,3,DavidMLee,1996,15
10.1103/RevModPhys.69.645,1997,2012,2,DavidMLee,1996,16
10.1103/RevModPhys.69.645,1997,2013,2,DavidMLee,1996,17
10.1103/RevModPhys.69.645,1997,2014,1,DavidMLee,1996,18
10.1103/RevModPhys.69.645,1997,2016,1,DavidMLee,1996,20
10.1103/RevModPhys.69.645,1997,2017,1,DavidMLee,1996,21
10.1103/RevModPhys.69.645,1997,2019,1,DavidMLee,1996,23
10.1103/RevModPhys.70.721,1998,1999,11,WilliamDPhillips,1997,2
10.1103/RevModPhys.70.721,1998,2000,10,WilliamDPhillips,1997,3
10.1103/RevModPhys.70.721,1998,2001,9,WilliamDPhillips,1997,4
10.1103/RevModPhys.70.721,1998,2002,9,WilliamDPhillips,1997,5
10.1103/RevModPhys.70.721,1998,2003,5,WilliamDPhillips,1997,6
10.1103/RevModPhys.70.721,1998,2004,8,WilliamDPhillips,1997,7
10.1103/RevModPhys.70.721,1998,2005,3,WilliamDPhillips,1997,8
10.1103/RevModPhys.70.721,1998,2006,10,WilliamDPhillips,1997,9
10.1103/RevModPhys.70.721,1998,2007,11,WilliamDPhillips,1997,10
10.1103/RevModPhys.70.721,1998,2008,6,WilliamDPhillips,1997,11
10.1103/RevModPhys.70.721,1998,2009,7,WilliamDPhillips,1997,12
10.1103/RevModPhys.70.721,1998,2010,10,WilliamDPhillips,1997,13
10.1103/RevModPhys.70.721,1998,2011,9,WilliamDPhillips,1997,14
10.1103/RevModPhys.70.721,1998,2012,3,WilliamDPhillips,1997,15
10.1103/RevModPhys.70.721,1998,2013,10,WilliamDPhillips,1997,16
10.1103/RevModPhys.70.721,1998,2014,7,WilliamDPhillips,1997,17
10.1103/RevModPhys.70.721,1998,2015,8,WilliamDPhillips,1997,18
10.1103/RevModPhys.70.721,1998,2016,17,WilliamDPhillips,1997,19
10.1103/RevModPhys.70.721,1998,2017,13,WilliamDPhillips,1997,20
10.1103/RevModPhys.70.721,1998,2018,15,WilliamDPhillips,1997,21
10.1103/RevModPhys.70.721,1998,2019,16,WilliamDPhillips,1997,22
10.1103/RevModPhys.70.721,1998,NA,1,WilliamDPhillips,1997,NA
10.1103/RevModPhys.71.S298,1999,2000,2,DanielCTsui,1998,2
10.1103/RevModPhys.71.S298,1999,2001,4,DanielCTsui,1998,3
10.1103/RevModPhys.71.S298,1999,2002,3,DanielCTsui,1998,4
10.1103/RevModPhys.71.S298,1999,2003,3,DanielCTsui,1998,5
10.1103/RevModPhys.71.S298,1999,2004,1,DanielCTsui,1998,6
10.1103/RevModPhys.71.S298,1999,2005,1,DanielCTsui,1998,7
10.1103/RevModPhys.71.S298,1999,2006,3,DanielCTsui,1998,8
10.1103/RevModPhys.71.S298,1999,2009,3,DanielCTsui,1998,11
10.1103/RevModPhys.71.S298,1999,2010,2,DanielCTsui,1998,12
10.1103/RevModPhys.71.S298,1999,2011,5,DanielCTsui,1998,13
10.1103/RevModPhys.71.S298,1999,2012,3,DanielCTsui,1998,14
10.1103/RevModPhys.71.S298,1999,2013,5,DanielCTsui,1998,15
10.1103/RevModPhys.71.S298,1999,2014,2,DanielCTsui,1998,16
10.1103/RevModPhys.71.S298,1999,2015,6,DanielCTsui,1998,17
10.1103/RevModPhys.71.S298,1999,2016,7,DanielCTsui,1998,18
10.1103/RevModPhys.71.S298,1999,2017,12,DanielCTsui,1998,19
10.1103/RevModPhys.71.S298,1999,2018,7,DanielCTsui,1998,20
10.1103/RevModPhys.71.S298,1999,2019,7,DanielCTsui,1998,21
10.1103/RevModPhys.73.307,2001,2001,6,AnthonyJLeggett,2003,-2
10.1103/RevModPhys.73.307,2001,2002,45,AnthonyJLeggett,2003,-1
10.1103/RevModPhys.73.307,2001,2003,43,AnthonyJLeggett,2003,0
10.1103/RevModPhys.73.307,2001,2004,36,AnthonyJLeggett,2003,1
10.1103/RevModPhys.73.307,2001,2005,45,AnthonyJLeggett,2003,2
10.1103/RevModPhys.73.307,2001,2006,42,AnthonyJLeggett,2003,3
10.1103/RevModPhys.73.307,2001,2007,49,AnthonyJLeggett,2003,4
10.1103/RevModPhys.73.307,2001,2008,53,AnthonyJLeggett,2003,5
10.1103/RevModPhys.73.307,2001,2009,41,AnthonyJLeggett,2003,6
10.1103/RevModPhys.73.307,2001,2010,53,AnthonyJLeggett,2003,7
10.1103/RevModPhys.73.307,2001,2011,31,AnthonyJLeggett,2003,8
10.1103/RevModPhys.73.307,2001,2012,31,AnthonyJLeggett,2003,9
10.1103/RevModPhys.73.307,2001,2013,29,AnthonyJLeggett,2003,10
10.1103/RevModPhys.73.307,2001,2014,24,AnthonyJLeggett,2003,11
10.1103/RevModPhys.73.307,2001,2015,26,AnthonyJLeggett,2003,12
10.1103/RevModPhys.73.307,2001,2016,24,AnthonyJLeggett,2003,13
10.1103/RevModPhys.73.307,2001,2017,19,AnthonyJLeggett,2003,14
10.1103/RevModPhys.73.307,2001,2018,17,AnthonyJLeggett,2003,15
10.1103/RevModPhys.73.307,2001,2019,16,AnthonyJLeggett,2003,16
10.1103/RevModPhys.73.307,2001,NA,4,AnthonyJLeggett,2003,NA
10.1103/RevModPhys.76.981,2004,2005,1,VitalyLGinzburg,2003,2
10.1103/RevModPhys.76.981,2004,2007,1,VitalyLGinzburg,2003,4
10.1103/RevModPhys.76.981,2004,2008,1,VitalyLGinzburg,2003,5
10.1103/RevModPhys.76.981,2004,2009,1,VitalyLGinzburg,2003,6
10.1103/RevModPhys.76.981,2004,2010,1,VitalyLGinzburg,2003,7
10.1103/RevModPhys.76.981,2004,2011,1,VitalyLGinzburg,2003,8
10.1103/RevModPhys.76.981,2004,2012,1,VitalyLGinzburg,2003,9
10.1103/RevModPhys.76.981,2004,2014,2,VitalyLGinzburg,2003,11
10.1103/RevModPhys.76.981,2004,2015,4,VitalyLGinzburg,2003,12
10.1103/RevModPhys.76.981,2004,2016,1,VitalyLGinzburg,2003,13
10.1103/RevModPhys.76.981,2004,2017,2,VitalyLGinzburg,2003,14
10.1103/RevModPhys.76.981,2004,2018,1,VitalyLGinzburg,2003,15
10.1103/RevModPhys.76.981,2004,2019,2,VitalyLGinzburg,2003,16
10.1103/RevModPhys.79.1331,2007,2009,1,JohnCMather,2006,3
10.1103/RevModPhys.79.1331,2007,2011,1,JohnCMather,2006,5
10.1103/RevModPhys.82.2305,2010,2011,1,WillardSBoyle,2009,2
10.1103/RevModPhys.82.2305,2010,2015,1,WillardSBoyle,2009,6
